url	first_seen	portal	title	company	status	location
https://job-boards.greenhouse.io/inmobi/jobs/7956882	2026-06-24	greenhouse-api	SDE 2	InMobi	added	Lucknow
https://job-boards.greenhouse.io/inmobi/jobs/7956875	2026-06-24	greenhouse-api	SDE 3	InMobi	added	Lucknow
https://job-boards.greenhouse.io/inmobi/jobs/7548045	2026-06-24	greenhouse-api	SDE III Gen AI	InMobi	added	Bangalore
https://job-boards.greenhouse.io/inmobi/jobs/6919206	2026-06-24	greenhouse-api	SDE IV - Backend	InMobi	added	Bangalore
https://job-boards.greenhouse.io/truecaller/jobs/8020192	2026-06-24	greenhouse-api	Senior Software Engineer Backend	Truecaller	added	Sweden
https://job-boards.greenhouse.io/truecaller/jobs/8012367	2026-06-24	greenhouse-api	Staff Software Engineer Backend	Truecaller	added	Sweden
https://careers.datadoghq.com/detail/7731292/?gh_jid=7731292	2026-06-24	greenhouse-api	Senior AI Engineer	Datadog	added	Paris, France
https://careers.datadoghq.com/detail/7415266/?gh_jid=7415266	2026-06-24	greenhouse-api	Senior AI Engineer - APM Experiences	Datadog	added	New York, New York, USA
https://careers.datadoghq.com/detail/7547361/?gh_jid=7547361	2026-06-24	greenhouse-api	Senior Backend Software Engineer - Product Analytics	Datadog	added	Tel Aviv, Israel
https://careers.datadoghq.com/detail/7627531/?gh_jid=7627531	2026-06-24	greenhouse-api	Senior Product Solutions Architect - LLM Observability	Datadog	added	Boston, Massachusetts, USA; Denver, Colorado, USA; New York, New York, USA; San Francisco, California, USA
https://careers.datadoghq.com/detail/3851935/?gh_jid=3851935	2026-06-24	greenhouse-api	Senior Software Engineer	Datadog	added	Boston, Massachusetts, USA; New York, New York, USA
https://careers.datadoghq.com/detail/7107875/?gh_jid=7107875	2026-06-24	greenhouse-api	Senior Software Engineer - AI Code Gen - Agent Engineer	Datadog	added	New York, New York, USA
https://careers.datadoghq.com/detail/7259387/?gh_jid=7259387	2026-06-24	greenhouse-api	Senior Software Engineer - Backend	Datadog	added	Lisbon, Portugal
https://careers.datadoghq.com/detail/4599148/?gh_jid=4599148	2026-06-24	greenhouse-api	Senior Software Engineer - Backend	Datadog	added	Paris, France
https://careers.datadoghq.com/detail/7993198/?gh_jid=7993198	2026-06-24	greenhouse-api	Senior Software Engineer - Code Gen	Datadog	added	New York, New York, USA
https://careers.datadoghq.com/detail/3851927/?gh_jid=3851927	2026-06-24	greenhouse-api	Senior Software Engineer - Distributed Systems	Datadog	added	Boston, Massachusetts, USA; New York, New York, USA
https://careers.datadoghq.com/detail/7898724/?gh_jid=7898724	2026-06-24	greenhouse-api	Senior Software Engineer - Linux/eBPF	Datadog	added	Madrid, Spain; Paris, France
https://careers.datadoghq.com/detail/7983548/?gh_jid=7983548	2026-06-24	greenhouse-api	Senior Software Engineer - Linux Kernel/eBPF	Datadog	added	Alabama, USA, Remote; Arizona, USA, Remote; Arkansas, USA, Remote; California, USA, Remote; Colorado, USA, Remote; Connecticut, USA, Remote; Delaware, USA, Remote; District of Columbia, USA, Remote; Florida, USA, Remote; Georgia, USA, Remote; Idaho, USA, Remote; Illinois, USA, Remote; Indiana, USA, Remote; Iowa, USA, Remote; Kansas, USA, Remote; Kentucky, USA, Remote; Louisiana, USA, Remote; Maine, USA, Remote; Maryland, USA, Remote; Massachusetts, USA, Remote; Michigan, USA, Remote; Minnesota, USA, Remote; Missouri, USA, Remote; Montana, USA, Remote; Nebraska, USA, Remote; Nevada, USA, Remote; New Hampshire, USA, Remote; New Jersey, USA, Remote; New Mexico, USA, Remote; New York, USA, Remote; North Carolina, USA, Remote; Ohio, USA, Remote; Oklahoma, USA, Remote; Oregon, USA, Remote; Pennsylvania, USA, Remote; Rhode Island, USA, Remote; South Carolina, USA, Remote; South Dakota, USA, Remote; Tennessee, USA, Remote; Texas, USA, Remote; Utah, USA, Remote; Vermont, USA, Remote; Virginia, USA, Remote; Washington, USA, Remote; Wisconsin, USA, Remote
https://careers.datadoghq.com/detail/8001760/?gh_jid=8001760	2026-06-24	greenhouse-api	Senior Software Engineer - Observability Visibility	Datadog	added	New York, New York, USA
https://careers.datadoghq.com/detail/7959966/?gh_jid=7959966	2026-06-24	greenhouse-api	Senior Software Engineer - REDAPL Graph Engine	Datadog	added	France, Remote; Germany, Remote; Spain, Remote
https://careers.datadoghq.com/detail/7993551/?gh_jid=7993551	2026-06-24	greenhouse-api	Senior Software Engineer - Streaming Platform	Datadog	added	New York, New York, USA
https://careers.datadoghq.com/detail/7950090/?gh_jid=7950090	2026-06-24	greenhouse-api	Senior Software Engineer - Synthetics Platform	Datadog	added	New York, New York, USA
https://careers.datadoghq.com/detail/6960503/?gh_jid=6960503	2026-06-24	greenhouse-api	Senior Staff GenAI Engineer - Application Performance Monitoring (APM)	Datadog	added	New York, New York, USA
https://careers.datadoghq.com/detail/5608424/?gh_jid=5608424	2026-06-24	greenhouse-api	Senior Staff Software Engineer	Datadog	added	New York, New York, USA
https://careers.datadoghq.com/detail/8023250/?gh_jid=8023250	2026-06-24	greenhouse-api	Software Engineer - AI Developer Workflows	Datadog	added	Tel Aviv, Israel
https://careers.datadoghq.com/detail/7646452/?gh_jid=7646452	2026-06-24	greenhouse-api	Software Engineer - Early Career	Datadog	added	Lisbon, Portugal
https://careers.datadoghq.com/detail/7752299/?gh_jid=7752299	2026-06-24	greenhouse-api	Staff AI Engineer - Cloud FinOps	Datadog	added	New York, New York, USA
https://careers.datadoghq.com/detail/8015588/?gh_jid=8015588	2026-06-24	greenhouse-api	Staff AI Engineer - Data Visualization	Datadog	added	Bordeaux, France; Grenoble, France; Lyon, France; Madrid, Spain; Montpellier, France; Nantes, France; Nice, France; Paris, France; Sophia Antipolis, France
https://careers.datadoghq.com/detail/7629288/?gh_jid=7629288	2026-06-24	greenhouse-api	Staff AI Engineer - Notebooks	Datadog	added	New York, New York, USA
https://careers.datadoghq.com/detail/7964141/?gh_jid=7964141	2026-06-24	greenhouse-api	Staff Applied Scientist - Agentic Interfaces	Datadog	added	New York, New York, USA
https://careers.datadoghq.com/detail/7974511/?gh_jid=7974511	2026-06-24	greenhouse-api	Staff GenAI Engineer - Application Performance Monitoring (APM)	Datadog	added	New York, New York, USA
https://careers.datadoghq.com/detail/3210217/?gh_jid=3210217	2026-06-24	greenhouse-api	Staff Software Engineer	Datadog	added	New York, New York, USA
https://careers.datadoghq.com/detail/7635298/?gh_jid=7635298	2026-06-24	greenhouse-api	Staff Software Engineer - Logs Management	Datadog	added	New York, New York, USA
https://careers.datadoghq.com/detail/7743369/?gh_jid=7743369	2026-06-24	greenhouse-api	Staff Software Engineer - Logs Observability Pipelines	Datadog	added	New York, New York, USA
https://careers.datadoghq.com/detail/7107437/?gh_jid=7107437	2026-06-24	greenhouse-api	Staff Software Engineer - ML Observability	Datadog	added	Boston, Massachusetts, USA; New York, New York, USA
https://careers.datadoghq.com/detail/8007589/?gh_jid=8007589	2026-06-24	greenhouse-api	Staff Software Engineer - Security Agent	Datadog	added	Paris, France
https://job-boards.greenhouse.io/grafanalabs/jobs/6092954004	2026-06-24	greenhouse-api	Senior AI Engineer | Canada | Remote	Grafana Labs	added	Canada (Remote)
https://job-boards.greenhouse.io/grafanalabs/jobs/5802160004	2026-06-24	greenhouse-api	Senior AI Engineer - Grafana Ops, AI/ML | Canada | Remote	Grafana Labs	added	Canada (Remote)
https://job-boards.greenhouse.io/grafanalabs/jobs/5802159004	2026-06-24	greenhouse-api	Senior AI Engineer - Grafana Ops, AI/ML | USA | Remote	Grafana Labs	added	United States (Remote)
https://job-boards.greenhouse.io/grafanalabs/jobs/6092955004	2026-06-24	greenhouse-api	Senior AI Engineer | US | Remote	Grafana Labs	added	United States (Remote)
https://job-boards.greenhouse.io/grafanalabs/jobs/6009283004	2026-06-24	greenhouse-api	Senior Backend Engineer - Alerting | Germany | Remote	Grafana Labs	added	Germany (Remote)
https://job-boards.greenhouse.io/grafanalabs/jobs/6009285004	2026-06-24	greenhouse-api	Senior Backend Engineer - Alerting | Ireland | Remote	Grafana Labs	added	Republic of Ireland (Remote)
https://job-boards.greenhouse.io/grafanalabs/jobs/6009284004	2026-06-24	greenhouse-api	Senior Backend Engineer - Alerting | Spain | Remote	Grafana Labs	added	Spain (Remote)
https://job-boards.greenhouse.io/grafanalabs/jobs/6009286004	2026-06-24	greenhouse-api	Senior Backend Engineer - Alerting | Sweden | Remote	Grafana Labs	added	Sweden (Remote)
https://job-boards.greenhouse.io/grafanalabs/jobs/6009287004	2026-06-24	greenhouse-api	Senior Backend Engineer - Alerting | UK | Remote	Grafana Labs	added	United Kingdom (Remote)
https://job-boards.greenhouse.io/grafanalabs/jobs/5807088004	2026-06-24	greenhouse-api	Senior Backend Engineer - Databases Pyroscope | Canada | Remote	Grafana Labs	added	Canada (Remote)
https://job-boards.greenhouse.io/grafanalabs/jobs/5807096004	2026-06-24	greenhouse-api	Senior Backend Engineer - Databases Pyroscope | US | Remote	Grafana Labs	added	United States (Remote)
https://job-boards.greenhouse.io/grafanalabs/jobs/6019652004	2026-06-24	greenhouse-api	Senior Backend Engineer - Grafana Backend Services | Germany | Remote	Grafana Labs	added	Germany (Remote)
https://job-boards.greenhouse.io/grafanalabs/jobs/6019651004	2026-06-24	greenhouse-api	Senior Backend Engineer - Grafana Backend Services | Ireland | Remote	Grafana Labs	added	Republic of Ireland (Remote)
https://job-boards.greenhouse.io/grafanalabs/jobs/6019653004	2026-06-24	greenhouse-api	Senior Backend Engineer - Grafana Backend Services | Spain | Remote	Grafana Labs	added	Spain (Remote)
https://job-boards.greenhouse.io/grafanalabs/jobs/6019654004	2026-06-24	greenhouse-api	Senior Backend Engineer - Grafana Backend Services | Sweden | Remote	Grafana Labs	added	Sweden (Remote)
https://job-boards.greenhouse.io/grafanalabs/jobs/6019656004	2026-06-24	greenhouse-api	Senior Backend Engineer - Grafana Backend Services | UK | Remote	Grafana Labs	added	United Kingdom (Remote)
https://job-boards.greenhouse.io/grafanalabs/jobs/5984599004	2026-06-24	greenhouse-api	Senior Software Engineer - Application Core Services | Spain | Remote	Grafana Labs	added	Spain (Remote)
https://job-boards.greenhouse.io/grafanalabs/jobs/6099850004	2026-06-24	greenhouse-api	Senior Software Engineer - Grafana Databases, Managed Services | Germany | Remote	Grafana Labs	added	Germany (Remote)
https://job-boards.greenhouse.io/grafanalabs/jobs/5989632004	2026-06-24	greenhouse-api	Senior Software Engineer - Grafana Databases, Managed Services | Ireland | Remote	Grafana Labs	added	Republic of Ireland (Remote)
https://job-boards.greenhouse.io/grafanalabs/jobs/5989629004	2026-06-24	greenhouse-api	Senior Software Engineer - Grafana Databases, Managed Services | Spain | Remote	Grafana Labs	added	Spain (Remote)
https://job-boards.greenhouse.io/grafanalabs/jobs/5989631004	2026-06-24	greenhouse-api	Senior Software Engineer - Grafana Databases, Managed Services | UK | Remote	Grafana Labs	added	United Kingdom (Remote)
https://job-boards.greenhouse.io/grafanalabs/jobs/5979016004	2026-06-24	greenhouse-api	Senior Software Engineer - Observability Real User Monitoring (RUM) | Canada | Remote	Grafana Labs	added	Canada (Remote)
https://job-boards.greenhouse.io/grafanalabs/jobs/5979012004	2026-06-24	greenhouse-api	Senior Software Engineer - Observability Real User Monitoring (RUM) | US | Remote	Grafana Labs	added	United States (Remote)
https://job-boards.greenhouse.io/grafanalabs/jobs/5839190004	2026-06-24	greenhouse-api	Staff AI Engineer | Canada | Remote	Grafana Labs	added	Canada (Remote)
https://job-boards.greenhouse.io/grafanalabs/jobs/5689219004	2026-06-24	greenhouse-api	Staff AI Engineer - Grafana Ops, AI/ML | Canada | Remote	Grafana Labs	added	Canada (Remote)
https://job-boards.greenhouse.io/grafanalabs/jobs/5689218004	2026-06-24	greenhouse-api	Staff AI Engineer - Grafana Ops, AI/ML | USA | Remote	Grafana Labs	added	United States (Remote)
https://job-boards.greenhouse.io/grafanalabs/jobs/5806328004	2026-06-24	greenhouse-api	Staff AI Engineer | US | Remote	Grafana Labs	added	United States (Remote)
https://job-boards.greenhouse.io/grafanalabs/jobs/5799745004	2026-06-24	greenhouse-api	Staff Backend Engineer - Adaptive Telemetry, Databases | Canada | Remote	Grafana Labs	added	Canada (Remote)
https://job-boards.greenhouse.io/grafanalabs/jobs/5799744004	2026-06-24	greenhouse-api	Staff Backend Engineer - Adaptive Telemetry, Databases | USA | Remote	Grafana Labs	added	United States (Remote)
https://job-boards.greenhouse.io/grafanalabs/jobs/5985793004	2026-06-24	greenhouse-api	Staff Backend Engineer - Application Core Services, Stacks | Canada | Remote	Grafana Labs	added	Canada (Remote)
https://job-boards.greenhouse.io/grafanalabs/jobs/5968728004	2026-06-24	greenhouse-api	Staff Backend Engineer - Application Core Services, Stacks | USA | Remote	Grafana Labs	added	United States (Remote)
https://job-boards.greenhouse.io/grafanalabs/jobs/5982443004	2026-06-24	greenhouse-api	Staff Backend Engineer - Databases Tempo | Canada | Remote	Grafana Labs	added	Canada (Remote)
https://job-boards.greenhouse.io/grafanalabs/jobs/5982444004	2026-06-24	greenhouse-api	Staff Backend Engineer - Databases Tempo | US | Remote	Grafana Labs	added	United States (Remote)
https://job-boards.greenhouse.io/grafanalabs/jobs/5988483004	2026-06-24	greenhouse-api	Staff Backend Engineer - Grafana App Platform | Canada | Remote	Grafana Labs	added	Canada (Remote)
https://job-boards.greenhouse.io/grafanalabs/jobs/5988484004	2026-06-24	greenhouse-api	Staff Backend Engineer - Grafana App Platform | US | Remote	Grafana Labs	added	United States (Remote)
https://job-boards.greenhouse.io/grafanalabs/jobs/6007413004	2026-06-24	greenhouse-api	Staff Backend Engineer - Grafana Enterprise | Canada | Remote	Grafana Labs	added	Canada (Remote)
https://job-boards.greenhouse.io/grafanalabs/jobs/6007414004	2026-06-24	greenhouse-api	Staff Backend Engineer - Grafana Enterprise | US | Remote	Grafana Labs	added	United States (Remote)
https://job-boards.greenhouse.io/grafanalabs/jobs/5978590004	2026-06-24	greenhouse-api	Staff Backend Engineer - Session Replay | Canada | Remote	Grafana Labs	added	Canada (Remote)
https://job-boards.greenhouse.io/grafanalabs/jobs/5978589004	2026-06-24	greenhouse-api	Staff Backend Engineer - Session Replay | USA | Remote	Grafana Labs	added	United States (Remote)
https://job-boards.greenhouse.io/grafanalabs/jobs/6011797004	2026-06-24	greenhouse-api	Staff Software Engineer | Canada |Remote	Grafana Labs	added	Canada (Remote)
https://job-boards.greenhouse.io/grafanalabs/jobs/6013355004	2026-06-24	greenhouse-api	Staff Software Engineer - Platform, SysEng | Canada | Remote	Grafana Labs	added	Canada (Remote)
https://job-boards.greenhouse.io/grafanalabs/jobs/6013354004	2026-06-24	greenhouse-api	Staff Software Engineer - Platform, SysEng | USA | Remote	Grafana Labs	added	United States (Remote)
https://job-boards.greenhouse.io/grafanalabs/jobs/5735539004	2026-06-24	greenhouse-api	Staff Software Engineer | United States | Remote	Grafana Labs	added	United States (Remote)
https://job-boards.greenhouse.io/intercom/jobs/7556413	2026-06-24	greenhouse-api	Forward Deployed Software Engineer	Intercom	added	London, England
https://job-boards.greenhouse.io/intercom/jobs/6949785	2026-06-24	greenhouse-api	Senior Engineer, AI Developer	Intercom	added	Dublin, Ireland
https://job-boards.greenhouse.io/intercom/jobs/7731665	2026-06-24	greenhouse-api	Senior Engineer, Infrastructure Platform	Intercom	added	Dublin, Ireland
https://job-boards.greenhouse.io/intercom/jobs/7699745	2026-06-24	greenhouse-api	Senior Engineering Manager - Developer Experience Platform	Intercom	added	Dublin, Ireland
https://job-boards.greenhouse.io/intercom/jobs/7610485	2026-06-24	greenhouse-api	Senior Engineering Manager - Team Billing	Intercom	added	London, England
https://job-boards.greenhouse.io/intercom/jobs/7274831	2026-06-24	greenhouse-api	Senior Full Stack Engineer - Team Web	Intercom	added	Dublin, Ireland
https://job-boards.greenhouse.io/intercom/jobs/5082494	2026-06-24	greenhouse-api	Senior Software Engineer	Intercom	added	Dublin, Ireland
https://www.druva.com/why-druva/explore/careers/jobs/8370082002/?gh_jid=8370082002	2026-06-24	greenhouse-api	Senior Staff Software Engineer	Druva	added	Pune, Maharashtra, India
https://www.druva.com/why-druva/explore/careers/jobs/7892681002/?gh_jid=7892681002	2026-06-24	greenhouse-api	Senior Staff Software Engineer (DataLake)	Druva	added	Pune, Maharashtra, India
https://www.druva.com/why-druva/explore/careers/jobs/8207141002/?gh_jid=8207141002	2026-06-24	greenhouse-api	Senior Staff Software Engineer, Distributed Filesystem	Druva	added	Pune, Maharashtra, India
https://www.druva.com/why-druva/explore/careers/jobs/8192672002/?gh_jid=8192672002	2026-06-24	greenhouse-api	Senior Staff Software Engineer - Engineering Escalations	Druva	added	Pune, Maharashtra, India
https://www.druva.com/why-druva/explore/careers/jobs/8370075002/?gh_jid=8370075002	2026-06-24	greenhouse-api	Senior Staff Software Engineer in Test (DCP)	Druva	added	Pune, Maharashtra, India
https://www.druva.com/why-druva/explore/careers/jobs/8564142002/?gh_jid=8564142002	2026-06-24	greenhouse-api	Staff Software Engineer (AI)	Druva	added	Pune, Maharashtra, India
https://www.druva.com/why-druva/explore/careers/jobs/8308808002/?gh_jid=8308808002	2026-06-24	greenhouse-api	Staff Software Engineer in Test	Druva	added	Pune, Maharashtra, India
https://job-boards.greenhouse.io/postman/jobs/7452531003	2026-06-24	greenhouse-api	Head of AI Platform Engineering	Postman	added	San Francisco, California, United States
https://job-boards.greenhouse.io/postman/jobs/7419694003	2026-06-24	greenhouse-api	Senior Backend Engineer, Cloud Platform	Postman	added	San Francisco, California, United States
https://job-boards.greenhouse.io/postman/jobs/7762102003	2026-06-24	greenhouse-api	Senior Engineer - Fabric Gateway	Postman	added	Bengaluru, Karnataka, India
https://job-boards.greenhouse.io/postman/jobs/7774448003	2026-06-24	greenhouse-api	Senior Engineer, Messaging Platform	Postman	added	Bengaluru, Karnataka, India
https://job-boards.greenhouse.io/postman/jobs/7715478003	2026-06-24	greenhouse-api	Senior Fullstack Software Engineer - (Customer Journey)	Postman	added	San Francisco, California, United States
https://job-boards.greenhouse.io/postman/jobs/7545584003	2026-06-24	greenhouse-api	Senior Software Engineer - Client SDK (UI Platform)	Postman	added	London, UK
https://job-boards.greenhouse.io/postman/jobs/7627390003	2026-06-24	greenhouse-api	Senior Software Engineer, Ecosystem	Postman	added	San Francisco, California, United States
https://job-boards.greenhouse.io/postman/jobs/7767101003	2026-06-24	greenhouse-api	Senior Software Engineer - Fern	Postman	added	New York, New York, United States; San Francisco, California, United States
https://job-boards.greenhouse.io/postman/jobs/7677743003	2026-06-24	greenhouse-api	Senior Software Engineer Manager - Ecosystems	Postman	added	Cupertino, California, United States; San Francisco, California, United States
https://job-boards.greenhouse.io/postman/jobs/7703523003	2026-06-24	greenhouse-api	Senior Software Engineer, Monetization	Postman	added	San Francisco, California, United States
https://job-boards.greenhouse.io/postman/jobs/7539839003	2026-06-24	greenhouse-api	Senior Software Engineer, Postman Insights	Postman	added	San Francisco, California, United States
https://job-boards.greenhouse.io/postman/jobs/7776298003	2026-06-24	greenhouse-api	Software Engineer, Authorization	Postman	added	Hyderabad, Telangana, India
https://job-boards.greenhouse.io/postman/jobs/7704063003	2026-06-24	greenhouse-api	Software Engineer (Fullstack, frontend-heavy), Product Trust	Postman	added	Bengaluru, Karnataka, India
https://job-boards.greenhouse.io/postman/jobs/7687341003	2026-06-24	greenhouse-api	Software Engineer, IAM	Postman	added	Hyderabad, Telangana, India
https://job-boards.greenhouse.io/postman/jobs/7578716003	2026-06-24	greenhouse-api	Staff Software Engineer, Business Platform	Postman	added	San Francisco, California, United States
https://job-boards.greenhouse.io/postman/jobs/7778449003	2026-06-24	greenhouse-api	Staff Software Engineer- Codegen	Postman	added	Austin, Texas, United States
https://job-boards.greenhouse.io/postman/jobs/7767126003	2026-06-24	greenhouse-api	Staff Software Engineer - Fern	Postman	added	New York, New York, United States; San Francisco, California, United States
https://jobs.elastic.co/jobs?gh_jid=7858138&gh_jid=7858138	2026-06-24	greenhouse-api	Elastic AI Engineer	Elastic	added	Canada
https://jobs.elastic.co/jobs?gh_jid=7982102&gh_jid=7982102	2026-06-24	greenhouse-api	Principal Software Developer I - Distributed Systems - Elasticsearch	Elastic	added	Canada
https://jobs.elastic.co/jobs?gh_jid=8002558&gh_jid=8002558	2026-06-24	greenhouse-api	Principal Software Engineer I - Distributed Systems - Elasticsearch	Elastic	added	Ireland
https://jobs.elastic.co/jobs?gh_jid=8020852&gh_jid=8020852	2026-06-24	greenhouse-api	Principal Software Engineer - Search Scaling - Elasticsearch	Elastic	added	United Kingdom
https://jobs.elastic.co/jobs?gh_jid=7903238&gh_jid=7903238	2026-06-24	greenhouse-api	Principal Software Engineer - Vector Search - Elasticsearch	Elastic	added	Canada
https://jobs.elastic.co/jobs?gh_jid=8008485&gh_jid=8008485	2026-06-24	greenhouse-api	Senior Software Engineer - Docs Engineering - Documentation	Elastic	added	Greece
https://jobs.elastic.co/jobs?gh_jid=7699075&gh_jid=7699075	2026-06-24	greenhouse-api	Senior Software Engineer - Vector Search - Elasticsearch	Elastic	added	Canada
https://jobs.elastic.co/jobs?gh_jid=7989431&gh_jid=7989431	2026-06-24	greenhouse-api	Software Engineer II, Frontend - Brazil	Elastic	added	Brazil
https://job-boards.greenhouse.io/gitlab/jobs/8565469002	2026-06-24	greenhouse-api	AI Engineer	GitLab	added	Remote, US
https://job-boards.greenhouse.io/gitlab/jobs/8481929002	2026-06-24	greenhouse-api	Backend Engineer, Analytics Instrumentation (Golang)	GitLab	added	Remote, India
https://job-boards.greenhouse.io/gitlab/jobs/8537853002	2026-06-24	greenhouse-api	Distinguished Engineer, Agentic SDLC & Non‑Linear Productivity	GitLab	added	Remote, Canada; Remote, US
https://job-boards.greenhouse.io/gitlab/jobs/8497793002	2026-06-24	greenhouse-api	Intermediate Backend Engineer (C), Tenant Scale: Git	GitLab	added	Remote, India
https://job-boards.greenhouse.io/gitlab/jobs/8548545002	2026-06-24	greenhouse-api	Senior AI Engineer	GitLab	added	Remote, US
https://job-boards.greenhouse.io/gitlab/jobs/8324132002	2026-06-24	greenhouse-api	Senior Backend Engineer, Gitlab Delivery: Runway (Platform Engineering)	GitLab	added	Remote, United Kingdom
https://job-boards.greenhouse.io/gitlab/jobs/8488966002	2026-06-24	greenhouse-api	Senior Backend Engineer(Go), Continuous Delivery	GitLab	added	Remote, India
https://job-boards.greenhouse.io/gitlab/jobs/8480580002	2026-06-24	greenhouse-api	Senior Backend Engineer, SSCS: Supply Chain	GitLab	added	Remote, India
https://job-boards.greenhouse.io/gitlab/jobs/8463922002	2026-06-24	greenhouse-api	Staff Backend Engineer, Gitlab Delivery: Upgrades	GitLab	added	Remote, India
https://job-boards.greenhouse.io/gitlab/jobs/8488961002	2026-06-24	greenhouse-api	Staff Backend Engineer (Go), Continuous Delivery	GitLab	added	Remote, India
https://job-boards.greenhouse.io/gitlab/jobs/8448283002	2026-06-24	greenhouse-api	Staff Backend Engineer (Ruby on Rails/AI), Verify	GitLab	added	Remote, United Kingdom
https://job-boards.greenhouse.io/gitlab/jobs/8480559002	2026-06-24	greenhouse-api	Staff Backend Engineer, Software Supply Chain Security	GitLab	added	Remote, India
https://job-boards.greenhouse.io/gitlab/jobs/8480531002	2026-06-24	greenhouse-api	Staff Backend Engineer, SSCS: AI Governance	GitLab	added	Remote, India
https://www.mongodb.com/careers/job/?gh_jid=7727896	2026-06-24	greenhouse-api	Security Software Engineer, Infrastructure Security (Staff or Senior)	MongoDB	added	Austin; New York City; San Francisco; Seattle; United States
https://www.mongodb.com/careers/job/?gh_jid=7942613	2026-06-24	greenhouse-api	Senior Engineer - Business Systems (FP&A)	MongoDB	added	Bengaluru; Gurugram
https://www.mongodb.com/careers/job/?gh_jid=7778978	2026-06-24	greenhouse-api	Senior Engineer - Business Systems (Integrations)	MongoDB	added	Gurugram
https://www.mongodb.com/careers/job/?gh_jid=7616246	2026-06-24	greenhouse-api	Senior Engineering Manager, Code Generation	MongoDB	added	California; Oregon; Washington
https://www.mongodb.com/careers/job/?gh_jid=7723638	2026-06-24	greenhouse-api	Senior Engineering Manager, Storage Execution (RSS)	MongoDB	added	New York
https://www.mongodb.com/careers/job/?gh_jid=7924987	2026-06-24	greenhouse-api	Senior Platform Engineer	MongoDB	added	Gurugram
https://www.mongodb.com/careers/job/?gh_jid=7648922	2026-06-24	greenhouse-api	Senior Software Engineer	MongoDB	added	Georgia
https://www.mongodb.com/careers/job/?gh_jid=7523872	2026-06-24	greenhouse-api	Senior Software Engineer, App Analysis & Modelling	MongoDB	added	Sydney
https://www.mongodb.com/careers/job/?gh_jid=7838287	2026-06-24	greenhouse-api	Senior Software Engineer, Application Migration	MongoDB	added	Sydney
https://www.mongodb.com/careers/job/?gh_jid=7588895	2026-06-24	greenhouse-api	Senior Software Engineer, Atlas Clusters	MongoDB	added	Dublin
https://www.mongodb.com/careers/job/?gh_jid=7736191	2026-06-24	greenhouse-api	Senior Software Engineer, Atlas Clusters Fleet Management	MongoDB	added	New York City
https://www.mongodb.com/careers/job/?gh_jid=7890652	2026-06-24	greenhouse-api	Senior Software Engineer, Atlas Clusters Platform	MongoDB	added	New York City
https://www.mongodb.com/careers/job/?gh_jid=7940512	2026-06-24	greenhouse-api	Senior Software Engineer, Atlas Search Query	MongoDB	added	San Francisco
https://www.mongodb.com/careers/job/?gh_jid=7378959	2026-06-24	greenhouse-api	Senior Software Engineer, C2C Services	MongoDB	added	Dublin
https://www.mongodb.com/careers/job/?gh_jid=7392902	2026-06-24	greenhouse-api	Senior Software Engineer, Forward Deployed AI Engineer	MongoDB	added	Dublin
https://www.mongodb.com/careers/job/?gh_jid=7467701	2026-06-24	greenhouse-api	Senior Software Engineer, Inference Platform	MongoDB	added	Palo Alto
https://www.mongodb.com/careers/job/?gh_jid=7695616	2026-06-24	greenhouse-api	Senior Software Engineer, Observability	MongoDB	added	Dublin
https://www.mongodb.com/careers/job/?gh_jid=7975692	2026-06-24	greenhouse-api	Senior Software Engineer, Public Backup	MongoDB	added	New York City
https://www.mongodb.com/careers/job/?gh_jid=7833626	2026-06-24	greenhouse-api	Senior Software Engineer - Query Integration	MongoDB	added	United States
https://www.mongodb.com/careers/job/?gh_jid=6688529	2026-06-24	greenhouse-api	Senior Software Engineer, Replicated Storage Services	MongoDB	added	Toronto
https://www.mongodb.com/careers/job/?gh_jid=7653008	2026-06-24	greenhouse-api	Senior Software Engineer, Server Networking Security (Rust)	MongoDB	added	Dublin
https://www.mongodb.com/careers/job/?gh_jid=7815679	2026-06-24	greenhouse-api	Senior Software Engineer, Server Security	MongoDB	added	Toronto
https://www.mongodb.com/careers/job/?gh_jid=7947560	2026-06-24	greenhouse-api	Senior Software Engineer, Storage Layer Services	MongoDB	added	New York City; United States
https://www.mongodb.com/careers/job/?gh_jid=7613695	2026-06-24	greenhouse-api	Software Engineer 2	MongoDB	added	Dublin
https://www.mongodb.com/careers/job/?gh_jid=7744404	2026-06-24	greenhouse-api	Software Engineer 3	MongoDB	added	Sydney
https://www.mongodb.com/careers/job/?gh_jid=7523878	2026-06-24	greenhouse-api	Software Engineer 3, App Analysis & Modelling	MongoDB	added	Sydney
https://www.mongodb.com/careers/job/?gh_jid=7579042	2026-06-24	greenhouse-api	Software Engineer 3, Atlas Clusters	MongoDB	added	Dublin
https://www.mongodb.com/careers/job/?gh_jid=7411027	2026-06-24	greenhouse-api	Software Engineer 3, Atlas Growth 2	MongoDB	added	Dublin; Ireland
https://www.mongodb.com/careers/job/?gh_jid=7523920	2026-06-24	greenhouse-api	Software Engineer 3, Atlas Search Systems	MongoDB	added	San Francisco
https://www.mongodb.com/careers/job/?gh_jid=7523911	2026-06-24	greenhouse-api	Software Engineer 3, Atlas Vector Search	MongoDB	added	San Francisco
https://www.mongodb.com/careers/job/?gh_jid=7717350	2026-06-24	greenhouse-api	Software Engineer 3, Customer Observability	MongoDB	added	Dublin
https://www.mongodb.com/careers/job/?gh_jid=7766302	2026-06-24	greenhouse-api	Software Engineer 3, DevTools	MongoDB	added	Ireland
https://www.mongodb.com/careers/job/?gh_jid=7581867	2026-06-24	greenhouse-api	Software Engineer 3, Private Cloud Backup	MongoDB	added	Dublin; Ireland
https://www.mongodb.com/careers/job/?gh_jid=7699932	2026-06-24	greenhouse-api	Software Engineer 3, Query Execution	MongoDB	added	Dublin
https://www.mongodb.com/careers/job/?gh_jid=7816135	2026-06-24	greenhouse-api	Software Engineer 3 - Query Optimization	MongoDB	added	Atlanta; Boston; New York City
https://www.mongodb.com/careers/job/?gh_jid=7235322	2026-06-24	greenhouse-api	Software Engineer 3, Search Systems Replication & Routing	MongoDB	added	San Francisco
https://www.mongodb.com/careers/job/?gh_jid=7311708	2026-06-24	greenhouse-api	Software Engineer, Code Generation	MongoDB	added	British Columbia; Calgary
https://www.mongodb.com/careers/job/?gh_jid=7523834	2026-06-24	greenhouse-api	Software Engineer, Data Migration	MongoDB	added	California; Oregon; Washington
https://www.mongodb.com/careers/job/?gh_jid=7851388	2026-06-24	greenhouse-api	Software Engineer, Developer Productivity	MongoDB	added	New York City
https://www.mongodb.com/careers/job/?gh_jid=7411430	2026-06-24	greenhouse-api	Staff Software Engineer, Atlas Growth	MongoDB	added	Dublin
https://www.mongodb.com/careers/job/?gh_jid=7915330	2026-06-24	greenhouse-api	Staff Software Engineer - Query Execution	MongoDB	added	United States
https://www.mongodb.com/careers/job/?gh_jid=7602834	2026-06-24	greenhouse-api	Staff Software Engineer, Query (Optimization)	MongoDB	added	United States
https://www.mongodb.com/careers/job/?gh_jid=7696228	2026-06-24	greenhouse-api	Staff Software Engineer, Server Networking Security (Rust)	MongoDB	added	Dublin
https://careers.datadoghq.com/detail/7957461/?gh_jid=7957461	2026-06-24	greenhouse-api	Senior Software Engineer - Linux/eBPF	Datadog	added	Portugal, Remote
https://careers.datadoghq.com/detail/7959962/?gh_jid=7959962	2026-06-24	greenhouse-api	Senior Software Engineer - REDAPL Graph Engine	Datadog	added	Dublin, Ireland; Madrid, Spain; Paris, France
https://careers.datadoghq.com/detail/8007598/?gh_jid=8007598	2026-06-24	greenhouse-api	Staff Software Engineer - Security Agent	Datadog	added	France, Remote; Germany, Remote; Ireland, Remote; Italy, Remote; Spain, Remote
https://job-boards.greenhouse.io/gitlab/jobs/8556658002	2026-06-24	greenhouse-api	Senior AI Engineer	GitLab	added	Remote, Bangalore
https://job-boards.greenhouse.io/intercom/jobs/7982566	2026-06-24	greenhouse-api	Forward Deployed Software Engineer	Intercom	added	Dublin, Ireland
https://job-boards.greenhouse.io/intercom/jobs/7610471	2026-06-24	greenhouse-api	Senior Engineering Manager - Team Billing	Intercom	added	Dublin, Ireland
https://job-boards.greenhouse.io/intercom/jobs/7276257	2026-06-24	greenhouse-api	Senior Full Stack Engineer - Team Web	Intercom	added	London, England
https://job-boards.greenhouse.io/grafanalabs/jobs/5806327004	2026-06-24	greenhouse-api	Staff AI Engineer | Canada | Remote	Grafana Labs	added	Canada (Remote)
https://job-boards.greenhouse.io/grafanalabs/jobs/5839189004	2026-06-24	greenhouse-api	Staff AI Engineer | US | Remote	Grafana Labs	added	United States (Remote)
https://www.mongodb.com/careers/job/?gh_jid=7727899	2026-06-24	greenhouse-api	Security Software Engineer, Infrastructure Security (Staff or Senior)	MongoDB	added	Dublin; Ireland
https://www.mongodb.com/careers/job/?gh_jid=7616248	2026-06-24	greenhouse-api	Senior Engineering Manager, Code Generation	MongoDB	added	British Columbia
https://www.mongodb.com/careers/job/?gh_jid=7590644	2026-06-24	greenhouse-api	Senior Software Engineer	MongoDB	added	Gurugram
https://www.mongodb.com/careers/job/?gh_jid=7960501	2026-06-24	greenhouse-api	Senior Software Engineer, C2C Services	MongoDB	added	Cork
https://www.mongodb.com/careers/job/?gh_jid=7590735	2026-06-24	greenhouse-api	Senior Software Engineer, Forward Deployed AI Engineer	MongoDB	added	Ireland
https://www.mongodb.com/careers/job/?gh_jid=7833628	2026-06-24	greenhouse-api	Senior Software Engineer - Query Integration	MongoDB	added	Alberta; British Columbia; Manitoba; Nova Scotia; Ontario; Quebec
https://www.mongodb.com/careers/job/?gh_jid=6688527	2026-06-24	greenhouse-api	Senior Software Engineer, Replicated Storage Services	MongoDB	added	United States
https://www.mongodb.com/careers/job/?gh_jid=7815677	2026-06-24	greenhouse-api	Senior Software Engineer, Server Security	MongoDB	added	New York City
https://www.mongodb.com/careers/job/?gh_jid=7908785	2026-06-24	greenhouse-api	Software Engineer 3	MongoDB	added	Gurugram
https://www.mongodb.com/careers/job/?gh_jid=7662950	2026-06-24	greenhouse-api	Software Engineer 3, Atlas Search Systems	MongoDB	added	Toronto
https://www.mongodb.com/careers/job/?gh_jid=7745890	2026-06-24	greenhouse-api	Software Engineer 3, DevTools	MongoDB	added	Dublin
https://www.mongodb.com/careers/job/?gh_jid=7311666	2026-06-24	greenhouse-api	Software Engineer, Code Generation	MongoDB	added	California; Colorado; Montana; Nevada; New Mexico; Oregon; Utah; Washington
https://www.mongodb.com/careers/job/?gh_jid=7646261	2026-06-24	greenhouse-api	Staff Software Engineer, Query (Optimization)	MongoDB	added	Alberta; British Columbia; Manitoba; Nova Scotia; Ontario; Quebec
https://jobs.elastic.co/jobs?gh_jid=7607148&gh_jid=7607148	2026-06-24	greenhouse-api	Elastic AI Engineer	Elastic	added	United States
https://jobs.elastic.co/jobs?gh_jid=8002556&gh_jid=8002556	2026-06-24	greenhouse-api	Principal Software Engineer I - Distributed Systems - Elasticsearch	Elastic	added	Hungary
https://jobs.elastic.co/jobs?gh_jid=8020854&gh_jid=8020854	2026-06-24	greenhouse-api	Principal Software Engineer - Search Scaling - Elasticsearch	Elastic	added	Ireland
https://jobs.elastic.co/jobs?gh_jid=8020844&gh_jid=8020844	2026-06-24	greenhouse-api	Principal Software Engineer - Vector Search - Elasticsearch	Elastic	added	Spain
https://jobs.elastic.co/jobs?gh_jid=8008489&gh_jid=8008489	2026-06-24	greenhouse-api	Senior Software Engineer - Docs Engineering - Documentation	Elastic	added	Portugal
https://cutshort.io/job/SDE-2-FULL-STACK-Bengaluru-Bangalore-Niro-AHWRd5gO	2026-06-24	websearch-cutshort	SDE2 Full Stack	Niro	added	Bangalore
https://cutshort.io/job/Backend-Engineer-SDE2-Bengaluru-Bangalore-stepchange-gF44xrMs	2026-06-24	websearch-cutshort	Backend Engineer SDE2	StepChange	added	Bangalore
https://cutshort.io/job/SDE2-Bengaluru-Bangalore-Zeta-Suite-l54wWL0Z	2026-06-24	websearch-cutshort	SDE2	Zeta Suite	added	Bangalore
https://cutshort.io/job/Backend-Engineer-Bengaluru-Bangalore-Meesho-Az1qHcf8	2026-06-24	websearch-cutshort	Backend Engineer	Meesho	added	Bangalore
https://job-boards.greenhouse.io/gleanwork/jobs/4006731005	2026-06-24	websearch-greenhouse	Software Engineer Backend (India)	Glean	added	Bangalore
https://job-boards.greenhouse.io/gleanwork/jobs/4012744005	2026-06-24	websearch-greenhouse	Software Engineer Product Backend (India)	Glean	added	India
https://job-boards.greenhouse.io/operantai/jobs/5269140008	2026-06-24	websearch-greenhouse	Staff Software Engineer - AI & Agentic Security	Operant AI	added	Bangalore
https://job-boards.greenhouse.io/speechify/jobs/5614753004	2026-06-24	websearch-greenhouse	Software Engineer Platform	Speechify	added	Bangalore
https://job-boards.greenhouse.io/speechify/jobs/5614751004	2026-06-24	websearch-greenhouse	Software Engineer Data Infrastructure	Speechify	added	Bangalore
https://job-boards.greenhouse.io/speechify/jobs/5614750004	2026-06-24	websearch-greenhouse	Senior Software Engineer AI Model Serving	Speechify	added	Bangalore
https://job-boards.greenhouse.io/degreed/jobs/5191307004	2026-06-24	websearch-greenhouse	Senior Backend Engineer Platform	Degreed	added	Bengaluru
https://jobs.lever.co/tala/653aa0c7-fcb3-487f-b70c-00b461ebd725	2026-06-24	websearch-lever	Senior Backend Engineer	Tala	added	Bangalore
https://jobs.lever.co/meesho/c68ee07f-0e16-455b-bc4a-87848aaf46fa	2026-06-24	websearch-lever	Software Development Engineer III Backend	Meesho	added	Bangalore
https://jobs.ashbyhq.com/flagright.com/59717db2-4b4c-4867-949e-6634c4022589	2026-06-24	websearch-ashby	Senior Software Engineer	Flagright	added	Bangalore
https://jobs.ashbyhq.com/sarvam/30259734-50c3-4f1c-81cd-8bff07e585e7	2026-06-24	websearch-ashby	Applied AI Engineer - Sarvam Agents	Sarvam AI	added	Bengaluru
https://www.sarvam.ai/careers/jobs/48b2c236-a7e7-475d-b98b-4eb942e85dc7	2026-06-24	websearch-sarvam	Staff Engineer API Platform	Sarvam AI	added	Bengaluru
https://peerlist.io/company/vyapar/careers/backend-developer--nodejs/jobhlkna7koqkndn6hl9m76pgrndm7	2026-06-24	websearch-peerlist	Backend Developer NodeJS	Vyapar	added	Bangalore
https://peerlist.io/company/contentstack/careers/software-engineer-i-nodejs-backend/jobhq798dreqb99na1onqjokq6k8qd	2026-06-24	websearch-peerlist	Software Engineer I Node.js Backend	Contentstack	added	Bangalore
https://browserstack.wd3.myworkdayjobs.com/en-US/External/job/Software-Engineer---Backend_JR103026	2026-06-24	websearch-browserstack	Software Engineer Backend	BrowserStack	added	Mumbai/Remote
https://wellfound.com/jobs/3286311-senior-backend-engineer	2026-06-24	websearch-wellfound	Senior Backend Engineer	SignDesk	added	Bengaluru
https://wellfound.com/jobs/1914429-software-development-engineer-node-js-nest-js	2026-06-24	websearch-wellfound	Software Development Engineer Node.js/Nest.js	ClearFeed	added	Bangalore
https://posthog.com/careers/backend-engineer-ingestion	2026-06-24	websearch-posthog	Backend Engineer - Ingestion	PostHog	added	Remote
https://posthog.com/careers/backend-engineer-billing	2026-06-24	websearch-posthog	Backend Engineer - Billing	PostHog	added	Remote
https://posthog.com/careers/backend-engineer-feature-flags	2026-06-24	websearch-posthog	Backend Engineer - Feature Flags	PostHog	added	Remote
https://www.flipkartcareers.com/#!/job-view/software-development-engineer-ii-bangalore-karnataka-2025021809480090	2026-06-24	websearch-flipkart	Software Development Engineer II	Flipkart	added	Bangalore
https://careers.zerodhafundhouse.com/jobs/fIcGzo5_XSOr/backend-engineer	2026-06-24	websearch-zerodha	Backend Engineer	Zerodha Fund House	added	Bangalore
https://jobs.smartrecruiters.com/Zomato1/104244178-software-engineer-back-end	2026-06-24	websearch-zomato	Software Engineer Backend	Zomato	added	Gurugram
https://peerlist.io/company/flipkart/careers/software-development-engineer-ii/jobhgnlqakjpboan9cmno97r8kplnr	2026-06-24	websearch-peerlist	Software Development Engineer II	Flipkart	added	Bangalore
https://jobs.elastic.co/jobs?gh_jid=7982099&gh_jid=7982099	2026-06-25	greenhouse-api	Principal Software Engineer I - Distributed Systems - Elasticsearch	Elastic	added	United Kingdom
https://jobs.elastic.co/jobs?gh_jid=8020871&gh_jid=8020871	2026-06-25	greenhouse-api	Principal Software Engineer - Search Scaling - Elasticsearch	Elastic	added	Sweden
https://jobs.elastic.co/jobs?gh_jid=8020841&gh_jid=8020841	2026-06-25	greenhouse-api	Principal Software Engineer - Vector Search - Elasticsearch	Elastic	added	United Kingdom
https://jobs.elastic.co/jobs?gh_jid=7893106&gh_jid=7893106	2026-06-25	greenhouse-api	Senior Software Engineer - Docs Engineering - Documentation	Elastic	added	Spain
https://www.mongodb.com/careers/job/?gh_jid=7985996	2026-06-25	greenhouse-api	Senior Software Engineer	MongoDB	added	Mexico City
https://www.mongodb.com/careers/job/?gh_jid=7719763	2026-06-25	greenhouse-api	Software Engineer 3	MongoDB	added	Alberta; British Columbia; Calgary; Edmonton; Nova Scotia; Ontario; Ottawa; Quebec; Toronto; Vancouver
https://www.mongodb.com/careers/job/?gh_jid=8026663	2026-06-25	greenhouse-api	Software Engineer 3, Query Integration	MongoDB	added	Toronto
https://job-boards.greenhouse.io/gitlab/jobs/8432221002	2026-06-25	greenhouse-api	Senior Backend Engineer (RoR/Go), SSCS: Pipeline Security	GitLab	added	Remote, Canada; Remote, Israel; Remote, United Kingdom; Remote, US
https://job-boards.greenhouse.io/grafanalabs/jobs/6100724004	2026-06-25	greenhouse-api	Senior AI Engineer - Grafana AI/ML | USA | Remote	Grafana Labs	added	United States (Remote)
https://job-boards.greenhouse.io/grafanalabs/jobs/6100673004	2026-06-25	greenhouse-api	Staff AI Engineer - Grafana AI/ML | USA | Remote	Grafana Labs	added	Canada (Remote)
https://careers.datadoghq.com/detail/7957460/?gh_jid=7957460	2026-06-25	greenhouse-api	Senior Software Engineer - Linux/eBPF	Datadog	added	Denmark, Remote; France, Remote; Germany, Remote; Ireland, Remote; Italy, Remote; Poland, Remote; Spain, Remote; Sweden, Remote; Switzerland, Remote; United Kingdom, Remote
https://careers.datadoghq.com/detail/7959967/?gh_jid=7959967	2026-06-25	greenhouse-api	Senior Software Engineer - REDAPL Graph Engine	Datadog	added	Lisbon, Portugal
https://careers.datadoghq.com/detail/8007606/?gh_jid=8007606	2026-06-25	greenhouse-api	Staff Software Engineer - Security Agent	Datadog	added	Portugal, Remote
https://jobs.lever.co/dreamsports/af127ce8-6261-460c-85ba-9b28cf1aa949	2026-06-25	websearch	SDE 2 Backend	Dream Sports (Dream11)	added	Mumbai
https://jobs.lever.co/dreamsports/b8c9656c-19a8-493f-a7df-5b5ddb613609	2026-06-25	websearch	SDE 3 Backend Platform	Dream Sports (Dream11)	added	Mumbai
https://www.flipkartcareers.com/flipkart/jobview/software-development-engineer-iii-bangalore-karnataka-2025112014290281?id=718142	2026-06-25	websearch	Software Development Engineer III	Flipkart	added	Bangalore
https://browserstack.wd3.myworkdayjobs.com/en-US/External/job/Senior-Software-Engineer---Backend--Mumbai---Work-from-office-_JR102606	2026-06-25	websearch	Senior Software Engineer Backend	BrowserStack	added	Mumbai
https://job-boards.greenhouse.io/cloudsek/jobs/5551451004	2026-06-25	websearch	SDE 1 & 2 Backend	CloudSEK	added	Bangalore
https://jobs.ashbyhq.com/Almabase/5c2eb299-b922-41ad-933f-728a0cb1f39d	2026-06-25	websearch	Senior Software Engineer	Almabase	added	Bangalore
https://jobs.lever.co/epifi/49d3c20b-b25d-4c4f-a58a-359674107659	2026-06-25	websearch	Software Engineer Backend	Fi Money	added	Bangalore
https://razorpay.com/careers/	2026-06-25	websearch	SDE Backend (generic page)	Razorpay	skipped_dup	Bangalore
https://careers.cred.club/openings	2026-06-25	websearch	Backend Developer (careers page)	CRED	skipped_dup	Bangalore
https://www.phonepe.com/careers/job-openings/	2026-06-25	websearch	Software Engineer Backend (generic page)	PhonePe	skipped_title	Bangalore
https://groww.in/careers	2026-06-25	websearch	Backend Developer SDE 1 (careers page)	Groww	skipped_title	Bangalore
https://www.meesho.io/jobs	2026-06-25	websearch	SDE III Backend	Meesho	skipped_dup	Bangalore
https://blinkit.com/careers/careers/careers/careers/	2026-06-25	websearch	SDE Backend Golang	Blinkit	skipped_title	Gurgaon
https://www.instahyre.com/job-307733-software-development-engineer-backend-at-blinkit-gurgaon/	2026-06-25	websearch	SDE Backend	Blinkit	skipped_title	Gurgaon
https://upstox.com/careers/	2026-06-25	websearch	SDE II Backend (careers page only)	Upstox	skipped_dup	Mumbai/Bangalore
https://bharatpe.com/career/	2026-06-25	websearch	SDE I/II/III Backend Java	BharatPe	skipped_title	Delhi
https://jobs.smartrecruiters.com/Zomato1/104244178-software-engineer-back-end	2026-06-25	websearch	Software Engineer Backend	Zomato	skipped_dup	Gurugram
https://www.flipkartcareers.com/#!/job-view/software-development-engineer-ii-bangalore-karnataka-2025021809480090	2026-06-25	websearch	Software Development Engineer II	Flipkart	skipped_dup	Bangalore
https://sharechat.com/careers	2026-06-25	websearch	SDE II Backend (careers page only)	ShareChat	skipped_dup	Bangalore
https://zepto.com/s/careers	2026-06-25	websearch	Senior Software Engineer Backend	Zepto	skipped_dup	Bangalore
https://browserstack.wd3.myworkdayjobs.com/en-US/External/job/Software-Engineer---Backend_JR103026	2026-06-25	websearch	Software Engineer Backend	BrowserStack	skipped_dup	Mumbai
https://darwinbox.com/careers/	2026-06-25	websearch	SDE Backend (no specific role URL)	Darwinbox	skipped_dup	Hyderabad
https://careers.zerodha.com/	2026-06-25	websearch	Software Developer (careers page)	Zerodha	skipped_dup	Bangalore
https://careers.zerodhafundhouse.com/jobs/fIcGzo5_XSOr/backend-engineer	2026-06-25	websearch	Backend Engineer	Zerodha Fund House	skipped_dup	Bangalore
https://job-boards.greenhouse.io/grafanalabs/jobs/6100725004	2026-06-25	greenhouse-api	Senior AI Engineer - Grafana AI/ML | USA | Remote	Grafana Labs	added	Canada (Remote)
https://job-boards.greenhouse.io/grafanalabs/jobs/6100672004	2026-06-25	greenhouse-api	Staff AI Engineer - Grafana AI/ML | USA | Remote	Grafana Labs	added	United States (Remote)
https://jobs.elastic.co/jobs?gh_jid=8002555&gh_jid=8002555	2026-06-25	greenhouse-api	Principal Software Engineer I - Distributed Systems - Elasticsearch	Elastic	added	Greece
https://jobs.elastic.co/jobs?gh_jid=8020857&gh_jid=8020857	2026-06-25	greenhouse-api	Principal Software Engineer - Search Scaling - Elasticsearch	Elastic	added	Spain
https://jobs.elastic.co/jobs?gh_jid=8020846&gh_jid=8020846	2026-06-25	greenhouse-api	Principal Software Engineer - Vector Search - Elasticsearch	Elastic	added	Sweden
https://www.mongodb.com/careers/job/?gh_jid=7939397	2026-06-25	greenhouse-api	Software Engineer 3	MongoDB	added	Dublin
https://www.mongodb.com/careers/job/?gh_jid=8010102	2026-06-25	greenhouse-api	Software Engineer 3, Query Integration	MongoDB	added	Austin; New York; New York City; San Francisco; United States
https://www.sarvam.ai/careers/jobs/f46a00ea-a25b-478d-92b9-7a2deb129f5b	2026-06-25	websearch-level3	Backend Engineer, API Team	Sarvam AI	added	Bengaluru
https://job-boards.greenhouse.io/postman/jobs/7534301003	2026-06-25	websearch-level3	Senior Engineer, Backend - Workspaces	Postman	added	Bangalore
https://job-boards.greenhouse.io/karat/jobs/8096990002	2026-06-25	websearch-level3	Senior Software Engineer, Backend	Karat	added	India (remote)
https://job-boards.greenhouse.io/karat/jobs/8097012002	2026-06-25	websearch-level3	Software Engineer (SWE3), Backend	Karat	added	India (remote)
https://jobs.ashbyhq.com/ema/eb62df31-0370-447f-8cc6-707e79cbc9fa	2026-06-25	websearch-level3	Software Engineer, Backend - India	Ema	added	Bangalore
https://smallcase.freshteam.com/jobs/nCyDDGyJinn8/backend-engineer	2026-06-25	websearch-level3	Backend Engineer	smallcase	added	Bangalore
https://cutshort.io/job/Backend-Engineer-SDE-1-2-Bengaluru-Bangalore-Glowroad-knlzsSJa	2026-06-25	websearch-level3	Backend Engineer SDE 1/2	Glowroad	added	Bangalore
https://wellfound.com/jobs/1221802-sde-ii-iii-backend	2026-06-25	websearch-level3	Backend Engineer SDE II/III	Probo	added	Gurgaon
https://juspay.io/careers/DEV-BE02	2026-06-25	websearch-level3	Software Development Engineer Backend	Juspay	added	Bangalore
https://jobs.lever.co/bolster/cd85d0f8-51c4-467f-9e4d-cd04b2a3be47	2026-06-25	websearch-level3	Senior Software Engineer, Backend - India	Bolster	added	Remote India
https://posthog.com/careers/backend-engineer-high-scale	2026-06-25	websearch-level3	Backend Engineer - High Scale	PostHog	skipped_title	Remote (GMT-8 to +2 only, IST excluded)
https://job-boards.greenhouse.io/zetaglobal/jobs/6030926004	2026-06-25	websearch-level3	Senior Software Engineer - Data Platform	Zeta Global	skipped_dup	Bangalore
https://razorpay.com/careers/	2026-06-25	websearch-level3	Software Engineer (careers page)	Razorpay	skipped_dup	Bangalore
https://careers.cred.club/openings/29f1dd43-713e-4972-abdb-ee26e641034e	2026-06-25	websearch-level3	Backend/Data Platform Engineer	CRED	skipped_dup	Bangalore
https://www.phonepe.com/careers/	2026-06-25	websearch-level3	Software Engineer Backend (careers page)	PhonePe	skipped_dup	Bangalore
https://meesho.io/jobs/software-development-engineer---ii---backend	2026-06-25	websearch-level3	Software Development Engineer II Backend	Meesho	skipped_dup	Bangalore
https://www.browserstack.com/careers	2026-06-25	websearch-level3	Senior SDE Backend	BrowserStack	skipped_dup	Remote India
https://smallcase.freshteam.com/jobs/hYeZwIu4y0Ro/lead-backend-engineer	2026-06-25	websearch-level3	Lead Backend Engineer	smallcase	skipped_title	Bangalore
https://peerlist.io/company/smallcase/careers/backend-engineer/jobhr86nrogrnbg8rhaen6aa8aq9do	2026-06-25	websearch-level3	Backend Engineer (Peerlist)	smallcase	skipped_dup	Bangalore
https://instahyre.com/job-318191-backend-developer-at-krutrim-bangalore/	2026-06-25	websearch-level3	Backend Developer	Krutrim	skipped_title	Bangalore
https://cashfree.com/careers/	2026-06-25	websearch-level3	Software Engineer careers page	Cashfree	skipped_dup	Bangalore
https://porter.in/careers	2026-06-25	websearch-level3	SDE 2/3 Backend careers page	Porter	skipped_dup	Bangalore
https://sharechat.com/careers	2026-06-25	websearch-level3	SDE Backend careers page	ShareChat	skipped_dup	Bangalore
https://acko.com/careers/jobs/	2026-06-25	websearch-level3	Software Engineer careers page	Acko	skipped_dup	Mumbai
https://upstox.com/careers/	2026-06-25	websearch-level3	SDE II Backend careers page	Upstox	skipped_dup	Mumbai
https://jobs.lever.co/bolster/a08ed2c5-ae78-4208-96a7-2f653a22aacd	2026-06-25	websearch-level3	Senior Software Engineer, Backend - India (duplicate URL)	Bolster	skipped_dup	Remote India
https://www.instahyre.com/job-104389-backend-engineer-at-sprinklr-bangalore/	2026-06-25	websearch-level3	Backend Engineer	Sprinklr	skipped_dup	Bangalore
https://job-boards.greenhouse.io/smartsheet/jobs/7971740	2026-06-25	websearch-level3	Sr. Software Engineer Bangalore	Smartsheet	skipped_title	Bangalore
